<manifest alg="2" build="2015.0.0.309" opt="false" iceEnabled="true" iceMarkupVersion="2" exportTarget="other" domain="www.ihc.com" resolutions="1x" timestamp="1459329062458">
  <folder name="css">
    <file name="site_global.css" crc="4052507572"/>
    <file name="master_a-mestre.css" crc="3999369547" ref="index"/>
    <file name="index.css" crc="4288025974" ref="index"/>
  </folder>
  <folder name="scripts">
    <file name="jquery-1.8.3.min.js" crc="4255413929" ref="index"/>
    <file name="museutils.js" crc="183364071" ref="index"/>
    <file name="jquery.watch.js" crc="71412426" ref="index"/>
    <file name="pie.js" crc="3827607177" ref="index"/>
  </folder>
  <file name="index.html" crc="99983224" seo="true" mt="1459300815384" redirect="true"/>
</manifest>